name,address,age,sex
James Hill,Sanchez Underpass 829,29,female
Shelly Allen,Taylor Locks 831,62,male
Tony Burton,Fleming Grove 836,21,male
Amanda Walker,Joseph Estates 904,23,male
Stephen Wong,Kelly Manors 79,20,female
Terri Lam,White Valley 859,24,female
Perry Wiley,Frye Divide 260,44,female
Paul Martin,Quinn Burg 82,58,male
Nicholas Smith,Campbell Terrace 13,18,male
Dr. Sarah Smith,Teresa Harbors 223,54,male
Diane Reed,Richard Canyon 229,50,female
David Barry,Rodriguez Falls 659,20,female
Keith Haynes,Murphy Springs 847,65,female
Kim Rhodes,Munoz Turnpike 190,64,male
Brenda Marshall,Ryan Throughway 200,38,female
Diane Hawkins,Rodriguez Green 225,22,male
William Harris,Lopez Pass 857,68,male
Jeremiah Davis,Prince Extension 608,45,male
Tom Holmes,Cynthia Trail 615,66,female
Shannon Lopez,Joshua Land 339,67,male
Anthony Edwards,Sheila Streets 569,21,male
Jonathan Garrett,Garrett Keys 657,48,male
Xavier Scott,Chad Square 933,30,male
Maureen Ross,Crystal Shoal 627,46,female
Cory Chapman,Hill Mission 117,34,male
Theresa Roth,Maldonado Point 135,51,male
Elizabeth Orr,Debbie Trail 485,40,male
Ryan Hardin,David Extensions 11,44,female
Laura Wilson,William Village 358,45,male
Mrs. Destiny Stewart DVM,Anderson Court 377,29,female
Joshua Mendez,Sutton Manors 594,19,male
Tracy Lopez,Chambers Freeway 773,67,male
Lori Bailey,Willis Cliff 195,28,male
Carolyn Patel,Christina Village 659,35,female
Jessica Martin,Linda Fields 581,63,female
Patrick Gill,Parks Fields 142,63,female
Matthew Cabrera,Thomas Lodge 980,60,female
Jonathan Williams,Murphy Well 923,32,female
Jennifer Jones,Justin Loop 190,21,male
Johnathan Adams,Zachary Pass 640,35,male
Kathryn Thompson,Bailey Park 404,29,male
Brian Williams,Brown Glens 340,27,female
Robert Henry,Ashley Valley 145,50,female
Tanya Jackson,Donna Isle 792,69,female
Rose Romero,Beth Knolls 593,59,male
Sandra Woods,Judy Vista 201,52,female
Thomas Roach,Cody Burgs 858,56,male
Darren French,Baker Dam 102,68,male
Melissa Jones,Allen Roads 195,18,male
Paul Russell,Kathy Skyway 99,51,male
Michelle Lowe,Cardenas Harbor 509,61,male
Shelia Peters MD,Buckley Drive 958,47,female
Jesse Miller,Hernandez Rapids 269,50,female
Dennis Hall,Daniel Loop 574,39,male
Brandon Davidson,Jennifer Extension 908,35,male
Jennifer Lynch,Hannah Creek 645,67,female
Theresa Gutierrez,Williams Ridge 538,64,male
Rebecca Carlson,Jensen Well 10,51,female
Patrick Spencer,Martinez Burg 856,57,male
Donald Scott,Miller Rapid 393,29,male
Cassidy Garcia,Burns Extensions 498,67,female
Aaron Duke,Jon Track 186,36,female
David Torres,Joseph Ridge 263,60,female
Catherine Mckenzie,Moore Brooks 807,63,female
Mike Jones,Adam Harbor 423,28,female
Melissa Hernandez,Sophia Spur 751,61,female
Brian Goodman,Patrick Ranch 890,37,male
Patricia Miller,Odom Lights 388,32,male
Carol Smith,Stephanie Forges 408,59,male
Donna Roberts,Jacqueline Field 405,61,female
Lisa Wilkinson,Simpson Harbors 675,49,female
Sarah Weber,English Mall 286,48,male
Melissa Singleton,Wood Green 922,60,female
Jose Smith,Johnson Extensions 469,57,male
Mr. Angel Mccormick,Robert Fords 628,59,female
Brenda Thompson,Katherine Neck 357,50,female
Sandra Jackson,Aaron Pines 765,57,male
Melanie Gallagher,Davis Club 769,54,female
Katherine Meyer,King Corners 275,55,male
Kayla Stephens,Fritz Plains 337,61,male
Gina Johnson,David Union 487,47,male
James Mendoza,Oneill Parkway 594,50,male
Reginald Rodriguez,Moss Parkways 763,60,female
Kelly Robinson,Larsen Circle 980,56,female
Thomas Bell,Taylor Shores 286,40,female
Mrs. Lisa Morales,Darrell Forest 63,46,female
Meredith Johnson,Martin Pike 385,34,female
Christopher Gordon,Chavez Mountains 938,70,male
Ryan Owen,Alexander Ranch 209,32,female
Christopher Ingram,John Prairie 405,31,male
Jason Romero,Calvin Mews 316,27,male
Benjamin Galloway,Melvin Spurs 142,53,male
Maria Reid,Davis Drive 687,46,male
Angela Lewis,Campbell Mount 950,35,male
Michelle Harris,Alexander Place 13,57,female
Nancy Scott,Murphy Stream 92,37,male
Douglas Anderson,Lori Station 564,70,male
Jason Richardson,Christopher Rue 693,54,male
Brenda Johnson,Katherine Loaf 181,62,male
Jonathan Wheeler,Obrien Court 250,40,female
Jacob Kaiser,Randall Drive 567,53,female
Lisa Jackson,Foley Place 461,40,female
Rhonda Young,Walker Bypass 295,52,male
Mrs. Crystal Wang,Paul Alley 202,61,male
Kimberly Wright,Alexandria Mountain 80,33,male
Scott Patel,Watson Shoals 108,26,female
Mandy Oneal,Johnson Station 115,30,female
Megan Munoz,Beth Expressway 94,60,male
Hannah Decker,Annette Radial 252,70,male
Craig Lamb,Sharp Valleys 211,68,female
Douglas Cox,Rogers Loop 476,61,male
Christina Caldwell,Leach Wall 267,60,male
Jesse Lang,Smith Place 845,40,male
David Long,Wade Passage 997,36,female
Carol Edwards,Dyer Island 687,47,male
Ms. Holly Hartman,Heather Parkways 250,66,female
Christopher Gross,Catherine Junctions 207,55,male
Jennifer Blake,Zachary Underpass 50,35,male
Haley Harrison,Davis Brook 176,18,female
Linda Woodward,Watson Field 748,30,male
Hannah Ford,Williams Lake 354,66,female
Mark Walker,Sandra Crossroad 652,47,female
John Jones,Dennis Village 811,25,male
Alexis Navarro,Campbell Lane 317,32,female
Michael Fernandez,Kennedy Wells 424,65,male
Michael Landry,Flores Courts 14,69,female
Christopher Harvey,Hall Street 921,36,male
Jesse Long,Boyd Rue 295,51,female
April Valentine,Ricky Village 298,68,female
John Lang,Rose Hills 281,37,female
Dr. Earl Gutierrez,Bradley Camp 373,65,male
Robert Holt,Daniel Port 273,41,female
Christina Robinson,Morris Walks 847,53,male
Gregory Hale,Atkinson Street 466,25,male
Jeffrey Taylor,Michael Divide 179,28,female
Jessica Morales,Tyler Walk 452,36,female
Nancy Williams,Yang Harbors 752,28,male
Stephen Cameron,Laura Gateway 707,25,female
Alex Shields,Washington Creek 217,31,male
Brian Day,Howard Island 101,41,female
William Cortez,Mark Shoals 377,25,female
Thomas Lamb,Veronica Crest 453,56,female
Clayton Barajas,Smith Courts 500,38,female
Robert Pruitt,Day Valleys 395,54,female
Lisa Townsend,Micheal Trafficway 873,65,male
Richard Flores,Luna Throughway 897,29,male
Lauren Brown,Mitchell Turnpike 616,40,female
Marcus Vasquez,Kent Trail 310,38,male
Carol Jones,Sparks Station 960,55,female
Rebecca Alvarez,Edwards Falls 48,26,female
Richard Davis,Rivera Hollow 327,43,female
Ms. Lauren Cook MD,Wallace Place 596,39,male
Donald Walker,Gregory Extensions 965,34,female
Elizabeth Moody,Scott Center 777,60,male
Laura Erickson,Glenn Skyway 232,40,female
Alexander Evans,Chelsea Run 303,54,female
Robert Rose,Anderson Pine 270,20,male
Devon Hayes,Allen Crescent 262,34,male
Susan Shepherd,Karen River 998,61,female
Ryan Glass,Douglas Ports 125,69,female
Ethan Gonzalez,Sharon Field 498,25,female
Jose Scott,Martinez Rapid 386,48,male
Michelle Wright,Ashley Light 676,57,female
Mariah Stephens,Shields Ports 767,30,female
Patrick Gutierrez,Douglas Glen 674,31,male
Ronald Gordon,Martinez Ridges 449,31,female
Kevin Richardson,Brown Station 945,35,female
Luke Jones,William Fork 837,49,male
Amanda Bryan,Edwards Prairie 297,49,female
Cynthia Giles,Montgomery Crest 466,18,male
Wesley Allen,Yvonne Drive 141,28,male
Jessica Wagner,Walker Cove 380,51,female
Elizabeth Kirk,Derek Plains 989,42,male
Victor Waller,Smith Court 924,45,female
Sarah Riley,Watkins Club 528,22,male
Justin Mcclure,Padilla Springs 181,32,female
Carolyn Cowan,King Ports 378,22,female
Crystal Peterson,Elizabeth Land 497,68,female
Michael Murphy,Payne Track 285,32,female
Michael Thompson,Smith Forge 521,59,male
Julie Collins DVM,Frazier Cove 269,57,female
Virginia Lewis,Lewis Loaf 362,54,male
Erica Tucker,Robinson Plains 442,37,male
Randall Cox,Julia Turnpike 388,55,female
Taylor Cooper,Stewart Haven 726,26,male
Lisa Hodge,Meagan Gateway 604,37,female
Victoria Hardy,Martin Expressway 959,30,female
Yesenia Reese,Butler Trafficway 607,27,female
Jennifer Parrish,Herbert Square 749,46,female
April Becker,Michael Keys 691,70,female
Justin Bond,Frank Avenue 3,69,male
Kelsey Decker,Vicki Port 664,49,male
Jerome Ferguson,Williamson Way 174,70,female
Annette Adams,Martinez Shore 286,67,male
Katrina Williams,Ramirez Valleys 536,60,male
Pam Brown,Ronald Village 810,53,male
Patrick Nichols,Brandy Circle 559,21,female
Ashley Russell,Dean Overpass 237,66,male
Derek Roach,Roy Turnpike 47,21,male
Donna Hall,Robert Mountains 729,25,male
Jacqueline Pittman,Reed Divide 538,32,female
Justin Frazier,Lisa Village 298,20,male
Aaron Phillips,Sean Turnpike 564,48,male
Jody Jones,Juarez Hills 279,54,female
Scott Brown,Reyes Shores 674,31,male
Adam Parker,Chase Fields 410,35,male
Jessica Peterson,Casey Drive 583,53,female
Gary Mitchell,Alexander Rue 275,36,female
Robert Edwards,Gregory Camp 535,26,female
Eric Thomas,Brock Summit 892,65,male
Glenn Walls,Timothy Burgs 557,52,male
Suzanne Jordan,Zamora Neck 215,38,female
Mr. Jason Chapman,Ryan Cliff 340,18,female
Kurt Rivera,Brittany Row 333,21,female
Billy Cole,Vargas Street 436,39,male
Mark Stewart,Thomas Mission 653,44,male
Colleen Hampton,Griffin Mall 349,38,male
Katrina Ward,Lauren Springs 800,64,male
Taylor Clark,Vargas Prairie 674,18,male
Benjamin Jordan,Roberts View 616,44,male
Kimberly Greene,Ryan Streets 717,39,male
Jeffrey Hanson,Kelly Alley 793,35,female
Jack Middleton,Cruz Shores 960,39,male
Wanda Allen,Dunn Parks 409,53,male
Elizabeth Finley,Mike Valleys 745,69,male
Joshua Franco,Bianca Gardens 110,38,female
Matthew Pierce,John Tunnel 696,19,male
Monique Smith,David Meadow 734,63,male
Pamela Lin,Glass Roads 75,31,female
Jason Moore,Brown Grove 358,51,female
Laura Wong,Daniel Wells 429,31,female
Joshua Moore,Rivera Highway 262,46,female
James Williams,Pierce Cove 957,42,male
Molly Brown,Sanchez Underpass 719,24,male
Teresa Pearson,Sean Hills 154,24,female
Angela Anderson,Dennis Dale 211,53,male
Tiffany Thompson,David Plain 221,43,female
Carrie Thompson,Rasmussen Lights 386,37,female
Karen Black,William Path 711,24,female
Selena Sloan,Ramirez Shores 358,63,female
Erik Miller DDS,Conrad View 244,51,male
Kristi Allen,Davis Drive 997,70,male
Ian Bush,Shane Summit 842,53,male
Lindsay Lee,Mueller Tunnel 583,65,female
Vincent Dixon,Dorsey Spurs 20,53,male
Adrian Miles,Hansen Court 70,43,male
Michelle Gonzalez,Steven Stravenue 931,35,female
Tamara Suarez,Wagner Isle 848,44,female
Jason Vance,Michael Bypass 432,56,female
Stephanie Fisher,Wilson Road 938,40,male
Stephen Clayton,Tammy Throughway 847,31,male
Joshua Donovan,Chad Tunnel 767,63,female
Michael Garner,Amy Fields 81,50,male
Ashley Medina,Brandy Springs 83,18,male
Grace Cooper,Cameron Point 104,38,male
Scott Andrews,Williams Station 145,33,male
John Christian,Odom Orchard 908,41,male
Corey Kelly,Sarah Haven 568,69,female
David Anthony,Michael Grove 61,51,male
Samantha Johnson,Taylor Ridge 518,50,female
Richard Barnes,Reyes Loaf 816,27,male
Jonathan Wilson,Mary Islands 773,66,male
Rhonda Gutierrez,Paul Inlet 83,61,female
Matthew Lopez,Hernandez Crossing 273,63,female
Chelsea Braun,Alvarado Drive 964,35,male
Robert Hodge,Alvarez Stravenue 224,66,female
Elizabeth Long,Scott Forges 507,53,male
Brad Henderson,Bennett Views 582,60,male
Timothy Walker,Katherine Street 501,66,male
Jerry Dominguez,Moore Trace 65,62,female
Jessica Peterson,Anderson Trail 151,61,male
Joel Krueger,Shelby Dam 970,38,male
Eugene Tran,Fritz Mall 833,37,female
Isabel Black,Anderson Loop 510,21,male
Joshua Gill,Brian Inlet 172,60,male
Stacy Soto,Judy Squares 737,21,male
Susan Lloyd,Charles Pike 722,52,female
Scott Williams,Megan Drive 809,44,male
Sherry Parker,Natalie Ford 95,58,female
Leah Moses,Lee Islands 478,49,female
Albert Wright,Taylor Ford 926,47,male
Michael Meyer,Jessica Ford 426,39,male
Victoria Henderson,Laura Shoal 25,70,male
David Russell,Mclean Knolls 445,31,female
Kaitlyn Price,Arthur Mount 295,39,female
Pamela Bradford,Ruiz Parks 830,67,male
Kevin Sanchez,Johnny Views 896,52,female
Rachel Meyer,Wendy Lights 800,61,male
Christian Gilmore,Parker Mountains 121,61,male
April Mcguire,Lisa Prairie 393,57,female
Lisa Callahan,Baker Light 774,31,male
Amy Mcclain,Dunlap Crossroad 155,47,female
Richard Chaney,Buckley Mill 751,22,female
Alexander Brown,Watts Turnpike 568,62,female
Megan Kent,Kelly Road 536,63,female
Patrick Nelson,Olivia Springs 539,64,male
Darin Norton,Amy Courts 303,50,female
Joseph Howard,Carr Pine 294,51,female
Rebekah Dalton,Kirsten Village 781,19,female
Seth Edwards,Bush Bridge 356,37,female
Justin Paul,Alan Knoll 168,33,female
Gary Sanchez,Emily Burg 464,28,female
Christina Pruitt,Parker Hollow 482,61,male
Sarah Payne,Michelle Way 856,61,male
Kim Brown,Barrett Parkway 644,30,male
Dylan Powers,Brown Common 843,18,female
Johnny Taylor,Gallagher Shoals 608,36,female
Shannon Griffin,Melissa Road 651,59,male
Kristina Harris,Thomas Mission 568,64,female
Kelly Rogers,Meghan Meadow 6,47,male
Bonnie White,Adams Locks 748,42,female
Cassidy Morrison,Glenn Divide 589,46,female
William Byrd,Valentine Forges 719,41,male
Jacob Rodriguez,Morris Plaza 131,27,male
Mr. Timothy Campbell,Lee Village 932,19,female
Katherine Perry,Deborah Hills 989,28,female
Eric Riley,Porter Pass 951,26,female
Jeremy Reilly,Roberts Parkway 739,65,female
Kenneth Hanna,Peterson Overpass 537,34,male
Alex Mckinney,James Center 183,44,female
Steven Baker,Perez Lane 542,41,female
Jacob Chase,Stewart Corners 306,25,male
Gabriel Stuart,Reilly Parkway 8,25,male
Michelle York,Merritt Plain 375,51,female
Ryan Miller,Tammy Spring 169,42,female
Anthony Edwards,Gray Union 77,56,female
Patricia Goodman,Michael Centers 146,45,male
Debbie Hubbard,Owens Station 70,70,male
Amy Ferguson,Zachary Well 857,51,male
Melissa Sheppard,Woodward Mountain 306,36,male
Brenda Schneider,Richard Ramp 209,48,female
Andrew Clark,Bender Extensions 211,28,male
Chad Miller,Andrews Extension 732,26,male
Brittney Gomez,Matthew Mission 800,22,female
Jimmy Lopez,Jeffrey Passage 235,51,female
Bryan Roberts,Jay Highway 775,36,female
Justin Reeves,Gray Path 713,35,male
Stephen Barrera,Edward Ville 777,19,female
Susan Taylor,Flores Locks 603,35,female
Kristin Cannon,Samantha Causeway 780,40,female
Amanda Blake,Brett Mount 899,42,male
Sharon Villegas,Duran Union 598,58,female
Stephanie Jones,Randy Vista 683,37,female
Julie Hardy,Young Club 67,61,male
James Gibbs,Simmons Vista 36,67,male
Patrick Coleman,Santiago Road 384,54,female
Garrett Boyle,Theresa Mount 194,62,male
Angel Rowland,Brown Spring 404,22,female
Jacqueline Rodriguez,Lawrence Route 114,43,female
Kathleen Thompson,Webb Cliff 478,24,female
James Smith,Bowman Coves 211,54,female
Richard Sutton,Bond Forge 350,40,female
Jeffrey Castillo,Lopez Field 20,39,female
Nathan Harris,Shaffer Mews 642,55,female
Jason Johnson,Morris Loop 535,37,male
Lauren Ortiz,Wolf Forks 96,45,male
Diane Mcclain,Davis Radial 530,62,female
Sherri Palmer,Hernandez Neck 427,41,female
Kelsey Warren,Warner Springs 742,56,male
Alexander Hernandez,Christina Brook 627,40,female
Donna Griffin,Laura Ridges 709,22,male
Jade Harrison,Alexander View 260,68,male
Paige Brown,Jennifer Island 925,58,male
Rhonda Herrera,Nicholas Forest 179,22,female
Jill Moore,Lewis Landing 576,36,female
Jose Campbell,Christopher Springs 392,38,male
Brandon Graham,Miranda Springs 972,53,female
Eric Le,Knight Bypass 672,47,female
Kyle Campbell,Reginald Rest 404,52,male
Mrs. Bianca Campbell DDS,Williams Flat 528,64,female
Chelsea Rodriguez,Brandon Vista 400,27,male
Melissa Lyons,Chavez Vista 956,27,male
Monique Arnold,Melissa Lock 922,63,female
Joseph Salazar,Graves Oval 658,31,female
Linda Hart,Chen Stream 426,34,female
Jessica Tyler,Jennifer Trail 985,25,male
John Mcdonald,Jessica Shoal 867,67,female
Melanie Davis,Patterson Islands 230,64,male
Jeffery Mcdowell,Cynthia Extension 335,43,male
Kathryn Ramsey,Ruiz Villages 881,38,male
Crystal Shaw,Jeanette Highway 954,67,female
Susan Castillo,David Mountains 606,65,female
Brittany Garcia,Joseph Center 645,59,male
Ana Peters,Randall Way 770,32,male
Matthew Griffin,Levy Fork 802,61,male
Bradley Yang,Pruitt Mountains 661,36,male
Philip Hicks,Christopher Islands 652,55,female
Lisa Russell,Vasquez Light 403,30,male
Anthony Faulkner,Vazquez Heights 599,30,male
Kimberly West,Stephen Road 794,18,female
Rachel Moore,Raymond Haven 102,49,male
Stacy Sharp,Kaitlyn Curve 288,69,female
Danny Horn,Yvonne Brook 466,70,female
Brenda Kemp,Rangel Fords 141,31,female
Terry Chavez,Clark Terrace 358,23,male
Brian Jackson,Ibarra Overpass 74,25,female
Monica Carroll,Fernandez Turnpike 586,30,female
Joel Salazar,Andre Summit 819,55,male
Jessica Jones,Madison Parkways 26,25,male
Joshua Hood Jr.,Williams Road 651,24,male
Brian Maldonado,Austin Rue 961,43,female
Nicole Jacobson,Charles Cape 154,45,male
Sean Olsen,Rachel Brook 431,55,male
Melinda Woods,Patricia Plaza 663,51,female
Jodi Jackson,Sarah Summit 203,22,male
Jack Alexander,Christopher Port 947,46,female
Jeffrey Johnson,Nicholas Drives 793,62,male
Ryan Thomas,Duane Flats 23,21,male
Lawrence Conner,John Garden 129,56,female
Tyrone Reynolds,Shawn Circles 149,46,female
William Mcneil MD,Kendra Heights 802,36,male
Ryan Davis,Hall Keys 984,28,male
Amanda Walton,Paul Cove 167,62,male
Monica Baker,Kemp Radial 517,25,male
Dana Williams,Dawn Trafficway 206,57,female
Ashley Thomas,Leblanc Curve 331,64,female
Mr. Arthur Murphy,Velez Tunnel 690,22,female
Donald Carter,Jeffrey Manor 549,47,female
Joshua Weaver,Swanson Landing 532,35,female
Amber Greer,Jennifer Shores 873,29,female
Jonathan Taylor,Pierce Drives 833,59,female
Amy Thompson,Anderson Valley 943,36,female
Destiny Rivers,Bell Junctions 3,28,male
Mr. Matthew Taylor,Stewart Island 654,36,female
Heather Sanford,Alan Port 906,45,female
John Lewis,John Loop 594,29,male
Brian Booth III,Peterson Fords 459,39,male
Christopher Ryan,Linda Loaf 353,60,female
Bradley Wilson,Anne Hill 339,38,female
Heather King,Rowland Isle 79,69,female
Elizabeth Foster,Isaac Squares 36,50,male
Mark Johnson,Daniels Bridge 756,68,male
Daniel Brennan,Thompson Square 682,52,male
Christopher Anderson,Mccoy Lane 109,25,female
Eric Murphy,Alfred Unions 173,61,male
Kevin Brown,Barker Crescent 434,52,male
Margaret Miller,Lopez Union 796,56,female
Michael Mercado,Ryan Corners 232,24,male
Samuel Miller,Webster Point 798,41,male
Evan Tucker,Stephanie Well 107,52,female
Desiree Castillo,Stephen Village 568,32,male
Christina Boyd,Tammy Square 11,30,male
Jackson Gaines,Joyce Lodge 622,35,male
Jessica Bullock,Johnson Heights 833,43,female
Sergio Kent,Edward Village 934,22,female
Richard Green,Erika Squares 913,33,male
Dillon Miller,Randy Spur 132,33,male
Alex Hernandez,Charles Lodge 114,36,female
Justin Jacobs,White Spurs 668,46,male
Angela Beck,Priscilla Summit 390,55,female
Michael Peck,Stone Isle 421,24,male
Rebecca Carroll,Kevin Ridges 400,61,female
Bryan Lewis,Alexandria Shoals 722,62,female
Joshua Jones,Quinn Ferry 490,39,male
Joseph Davenport,Day Turnpike 775,63,male
Alicia Fuller,Harding Port 317,18,male
Mr. John Garcia,Robert Club 88,26,male
Kayla Russell,Soto Way 444,60,female
Matthew Walker,Scott Parkway 244,40,female
Rodney Freeman,Christopher Ports 851,48,male
Daniel Beasley,Christian Unions 228,35,male
Stephanie Harris,Dawn Prairie 170,37,male
Chad Chan,Jeanette Mountain 727,69,female
Richard Bailey,Ruben Estate 601,38,female
Christina May,Smith Point 190,56,male
Cynthia Jenkins,Amanda Squares 498,38,female
Tyler Hall,John Turnpike 688,63,male
Michelle Gallagher,Rice Light 271,22,male
Kenneth Gonzales,Turner View 628,35,female
Robert Cobb,Amanda Ramp 175,38,male
Kelly Gonzalez,Hernandez Canyon 494,32,female
Amanda Short,Castillo Grove 552,22,female
Jonathon Chapman,Marie Light 14,25,male
Yvonne Morales,Megan Mission 588,45,female
Alex Vasquez,Marie Trace 781,68,female
Lindsey Mora,Cole Fords 383,38,female
Luis Miller,Myers Route 748,34,male
Doris Bates,Scott Estates 155,54,female
Timothy Barron,Michael Center 532,59,male
Dylan Curry,Donald Corners 278,25,male
Brooke Peterson,James Pike 211,40,female
Kenneth Davis,Mason Vista 70,42,female
Laura Gregory DVM,Timothy Manors 86,41,female
Cynthia Long,Rebekah Fork 569,70,male
Tanya Morris,Burgess Place 572,37,male
Matthew Burton,Tran Fork 265,46,male
Dominique Nguyen,Michael Mount 717,33,male
Mark Ramirez,Anderson Village 349,22,female
Nicole Garrett,Mark Place 55,21,male
Douglas Fleming,Shannon Rapid 634,34,female
Terry Rodriguez,Megan Creek 302,35,female
Donna Johnson,Alicia Summit 645,27,male
Christina Wilson,Judith Forges 106,61,female
Norman Evans,Nicole Union 419,22,female
Jasmine Moore,Eric Parkways 389,31,female
Heather Greer,Carson Rapids 830,25,female
Corey Nicholson,Santana Manor 295,33,male
Caitlin Hall,Debbie Highway 373,55,male
Manuel Clark,Parker Corners 611,20,female
Shawn Johnston,Cindy Pine 155,26,male
